,-0.697778,-0.683822,-0.669867,-0.655911,-0.641956,-0.628,-0.614045,-0.600089,-0.586133,-0.572178,-0.558222,-0.544267,-0.530311,-0.516356,-0.5024,-0.488445,-0.474489,-0.460534,-0.446578,-0.432622,-0.418667,-0.404711,-0.390756,-0.3768,-0.362845,-0.348889,-0.334934,-0.320978,-0.307022,-0.293067,-0.279111,-0.265156,-0.2512,-0.237245,-0.223289,-0.209333,-0.195378,-0.181422,-0.167467,-0.153511,-0.139556,-0.1256,-0.111645,-0.0976891,-0.0837335,-0.069778,-0.0558224,-0.0418669,-0.0279113,-0.0139558,-2.03E-07,0.0139554,0.0279109,0.0418665,0.055822,0.0697776,0.0837331,0.0976887,0.111644,0.1256,0.139555,0.153511,0.167466,0.181422,0.195378,0.209333,0.223289,0.237244,0.2512,0.265155,0.279111,0.293066,0.307022,0.320978,0.334933,0.348889,0.362844,0.3768,0.390755,0.404711,0.418666,0.432622,0.446578,0.460533,0.474489,0.488444,0.5024,0.516355,0.530311,0.544266,0.558222,0.572178,0.586133,0.600089,0.614044,0.628,0.641955,0.655911,0.669866,0.683822
-3,-300,-300,-300,-300,-300,-300,-300,-300,-300,-300,-300,-300,-300,-300,-300,-300,-300,-300,-300,-300,-300,-300,-300,-300,-300,-300,-300,-300,-300,-300,-300,-300,-300,-300,-300,-300,-300,-300,-300,-300,-300,-300,-300,-300,-300,-300,-300,-300,-300,-300,-300,-300,-300,-300,-300,-300,-300,-300,-300,-300,-300,-300,-300,-300,-300,-300,-300,-300,-300,-300,-300,-300,-300,-300,-300,-300,-300,-300,-279.83,-257.652,-233.896,-208.39,-180.93,-151.284,-119.181,-84.3017,-50,-50,-50,-50,-50,-50,-50,-50,-43.6327,-37.4199,-31.4284,-25.6465,-20.0635,-14.6691
-2.94,-300,-300,-300,-300,-300,-300,-300,-300,-300,-300,-300,-300,-300,-300,-300,-300,-300,-300,-300,-300,-300,-300,-300,-300,-300,-300,-300,-300,-300,-300,-300,-300,-300,-300,-300,-300,-300,-300,-300,-300,-300,-300,-300,-300,-300,-300,-300,-300,-300,-300,-300,-300,-300,-300,-300,-300,-300,-300,-300,-300,-300,-300,-300,-300,-300,-300,-300,-300,-300,-300,-300,-300,-300,-300,-300,-300,-299.098,-278.243,-255.952,-232.071,-206.424,-178.808,-148.987,-116.686,-81.5819,-50,-50,-50,-50,-50,-50,-50,-49.5849,-43.1559,-36.9596,-30.9836,-25.2165,-19.6475,-14.2665,-9.06423
-2.88,-300,-300,-300,-300,-300,-300,-300,-300,-300,-300,-300,-300,-300,-300,-300,-300,-300,-300,-300,-300,-300,-300,-300,-300,-300,-300,-300,-300,-300,-300,-300,-300,-300,-300,-300,-300,-300,-300,-300,-300,-300,-300,-300,-300,-300,-300,-300,-300,-300,-300,-300,-300,-300,-300,-300,-300,-300,-300,-300,-300,-300,-300,-300,-300,-300,-300,-300,-300,-300,-300,-300,-300,-300,-300,-300,-297.609,-276.651,-254.245,-230.238,-204.451,-176.677,-146.679,-114.179,-78.8486,-50,-50,-50,-50,-50,-50,-50,-49.0929,-42.6811,-36.5011,-30.5407,-24.7883,-19.2333,-13.8656,-8.67589,-3.65557
-2.82,-300,-300,-300,-300,-300,-300,-300,-300,-300,-300,-300,-300,-300,-300,-300,-300,-300,-300,-300,-300,-300,-300,-300,-300,-300,-300,-300,-300,-300,-300,-300,-300,-300,-300,-300,-300,-300,-300,-300,-300,-300,-300,-300,-300,-300,-300,-300,-300,-300,-300,-300,-300,-300,-300,-300,-300,-300,-300,-300,-300,-300,-300,-300,-300,-300,-300,-300,-300,-300,-300,-300,-300,-300,-300,-296.114,-275.052,-252.533,-228.399,-202.469,-174.538,-144.362,-111.66,-76.1018,-50,-50,-50,-50,-50,-50,-50,-48.6031,-42.2084,-36.0448,-30.0997,-24.3619,-18.8208,-13.4663,-8.28915,-3.28078,0
-2.76,-300,-300,-300,-300,-300,-300,-300,-300,-300,-300,-300,-300,-300,-300,-300,-300,-300,-300,-300,-300,-300,-300,-300,-300,-300,-300,-300,-300,-300,-300,-300,-300,-300,-300,-300,-300,-300,-300,-300,-300,-300,-300,-300,-300,-300,-300,-300,-300,-300,-300,-300,-300,-300,-300,-300,-300,-300,-300,-300,-300,-300,-300,-300,-300,-300,-300,-300,-300,-300,-300,-300,-300,-300,-294.614,-273.448,-250.814,-226.552,-200.48,-172.389,-142.033,-109.129,-73.3412,-50,-50,-50,-50,-50,-50,-50,-48.1154,-41.7378,-35.5903,-29.6606,-23.9374,-18.41,-13.0686,-7.90399,-2.90748,0,0
-2.7,-300,-300,-300,-300,-300,-300,-300,-300,-300,-300,-300,-300,-300,-300,-300,-300,-300,-300,-300,-300,-300,-300,-300,-300,-300,-300,-300,-300,-300,-300,-300,-300,-300,-300,-300,-300,-300,-300,-300,-300,-300,-300,-300,-300,-300,-300,-300,-300,-300,-300,-300,-300,-300,-300,-300,-300,-300,-300,-300,-300,-300,-300,-300,-300,-300,-300,-300,-300,-300,-300,-300,-300,-293.109,-271.839,-249.088,-224.698,-198.483,-170.231,-139.695,-106.587,-70.5667,-50,-50,-50,-50,-50,-50,-50,-47.6298,-41.2692,-35.1378,-29.2234,-23.5146,-18.0009,-12.6726,-7.5204,-2.53572,0,0,0
-2.64,-300,-300,-300,-300,-300,-300,-300,-300,-300,-300,-300,-300,-300,-300,-300,-300,-300,-300,-300,-300,-300,-300,-300,-300,-300,-300,-300,-300,-300,-300,-300,-300,-300,-300,-300,-300,-300,-300,-300,-300,-300,-300,-300,-300,-300,-300,-300,-300,-300,-300,-300,-300,-300,-300,-300,-300,-300,-300,-300,-300,-300,-300,-300,-300,-300,-300,-300,-300,-300,-300,-300,-291.598,-270.223,-247.356,-222.836,-196.477,-168.063,-137.345,-104.032,-67.7784,-50,-50,-50,-50,-50,-50,-50,-47.1463,-40.8027,-34.6872,-28.7879,-23.0936,-17.5936,-12.2782,-7.13837,-2.16547,0,0,0,0
-2.58,-300,-300,-300,-300,-300,-300,-300,-300,-300,-300,-300,-300,-300,-300,-300,-300,-300,-300,-300,-300,-300,-300,-300,-300,-300,-300,-300,-300,-300,-300,-300,-300,-300,-300,-300,-300,-300,-300,-300,-300,-300,-300,-300,-300,-300,-300,-300,-300,-300,-300,-300,-300,-300,-300,-300,-300,-300,-300,-300,-300,-300,-300,-300,-300,-300,-300,-300,-300,-300,-300,-290.083,-268.602,-245.618,-220.967,-194.463,-165.886,-134.985,-101.465,-64.9757,-50,-50,-50,-50,-50,-50,-50,-46.665,-40.3381,-34.2386,-28.3544,-22.6743,-17.1879,-11.8855,-6.75791,-1.7967,0,0,0,0.358784,5.26987
-2.52,-300,-300,-300,-300,-300,-300,-300,-300,-300,-300,-300,-300,-300,-300,-300,-300,-300,-300,-300,-300,-300,-300,-300,-300,-300,-300,-300,-300,-300,-300,-300,-300,-300,-300,-300,-300,-300,-300,-300,-300,-300,-300,-300,-300,-300,-300,-300,-300,-300,-300,-300,-300,-300,-300,-300,-300,-300,-300,-300,-300,-300,-300,-300,-300,-300,-300,-300,-300,-300,-288.562,-266.974,-243.873,-219.091,-192.44,-163.7,-132.614,-98.8847,-62.1587,-50,-50,-50,-50,-50,-50,-50,-46.1857,-39.8755,-33.7918,-27.9226,-22.2568,-16.7839,-11.4943,-6.37899,-1.42943,0,0,0,0.725499,5.64923,10.7363
-2.46,-300,-300,-300,-300,-300,-300,-300,-300,-300,-300,-300,-300,-300,-300,-300,-300,-300,-300,-300,-300,-300,-300,-300,-300,-300,-300,-300,-300,-300,-300,-300,-300,-300,-300,-300,-300,-300,-300,-300,-300,-300,-300,-300,-300,-300,-300,-300,-300,-300,-300,-300,-300,-300,-300,-300,-300,-300,-300,-300,-300,-300,-300,-300,-300,-300,-300,-300,-300,-287.035,-265.341,-242.12,-217.207,-190.409,-161.504,-130.232,-96.2924,-59.3271,-50,-50,-50,-50,-50,-50,-50,-45.7085,-39.4149,-33.347,-27.4927,-21.841,-16.3816,-11.1048,-6.00162,-1.06364,0,0,0,1.09253,6.02892,11.1293,16.4021
-2.4,-300,-300,-300,-300,-300,-300,-300,-300,-300,-300,-300,-300,-300,-300,-300,-300,-300,-300,-300,-300,-300,-300,-300,-300,-300,-300,-300,-300,-300,-300,-300,-300,-300,-300,-300,-300,-300,-300,-300,-300,-300,-300,-300,-300,-300,-300,-300,-300,-300,-300,-300,-300,-300,-300,-300,-300,-300,-300,-300,-300,-300,-300,-300,-300,-300,-300,-300,-285.503,-263.701,-240.361,-215.316,-188.369,-159.298,-127.839,-93.6873,-56.4809,-50,-50,-50,-50,-50,-50,-50,-45.2333,-38.9563,-32.904,-27.0646,-21.427,-15.9809,-10.7169,-5.62577,-0.699319,0,0,0,1.45985,6.40894,11.5227,16.8095,22.2782
-2.34,-300,-300,-300,-300,-300,-300,-300,-300,-300,-300,-300,-300,-300,-300,-300,-300,-300,-300,-300,-300,-300,-300,-300,-300,-300,-300,-300,-300,-300,-300,-300,-300,-300,-300,-300,-300,-300,-300,-300,-300,-300,-300,-300,-300,-300,-300,-300,-300,-300,-300,-300,-300,-300,-300,-300,-300,-300,-300,-300,-300,-300,-300,-300,-300,-300,-300,-283.965,-262.055,-238.596,-213.416,-186.321,-157.082,-125.435,-91.0694,-53.6199,-50,-50,-50,-50,-50,-50,-50,-44.7601,-38.4996,-32.4629,-26.6382,-21.0146,-15.5819,-10.3305,-5.25146,-0.336457,0,0,0,1.8275,6.78928,11.9164,17.2173,22.7008,28.3766
-2.28,-300,-300,-300,-300,-300,-300,-300,-300,-300,-300,-300,-300,-300,-300,-300,-300,-300,-300,-300,-300,-300,-300,-300,-300,-300,-300,-300,-300,-300,-300,-300,-300,-300,-300,-300,-300,-300,-300,-300,-300,-300,-300,-300,-300,-300,-300,-300,-300,-300,-300,-300,-300,-300,-300,-300,-300,-300,-300,-300,-300,-300,-300,-300,-300,-300,-282.422,-260.403,-236.822,-211.509,-184.263,-154.856,-123.019,-88.4382,-50.7437,-50,-50,-50,-50,-50,-50,-50,-44.289,-38.0448,-32.0236,-26.2136,-20.604,-15.1845,-9.94568,-4.87863,0,0,0,0,2.19543,7.16997,12.3105,17.6254,23.1238,28.8153,34.7103
-2.22,-300,-300,-300,-300,-300,-300,-300,-300,-300,-300,-300,-300,-300,-300,-300,-300,-300,-300,-300,-300,-300,-300,-300,-300,-300,-300,-300,-300,-300,-300,-300,-300,-300,-300,-300,-300,-300,-300,-300,-300,-300,-300,-300,-300,-300,-300,-300,-300,-300,-300,-300,-300,-300,-300,-300,-300,-300,-300,-300,-300,-300,-300,-300,-300,-280.872,-258.744,-235.042,-209.593,-182.196,-152.619,-120.591,-85.7938,-50,-50,-50,-50,-50,-50,-50,-50,-43.8198,-37.5919,-31.5862,-25.7908,-20.1951,-14.7887,-9.56244,-4.5073,0,0,0,0,2.56365,7.55096,12.7049,18.034,23.5473,29.2544,35.166,41.293
-2.16,-300,-300,-300,-300,-300,-300,-300,-300,-300,-300,-300,-300,-300,-300,-300,-300,-300,-300,-300,-300,-300,-300,-300,-300,-300,-300,-300,-300,-300,-300,-300,-300,-300,-300,-300,-300,-300,-300,-300,-300,-300,-300,-300,-300,-300,-300,-300,-300,-300,-300,-300,-300,-300,-300,-300,-300,-300,-300,-300,-300,-300,-300,-300,-279.317,-257.079,-233.255,-207.67,-180.121,-150.373,-118.152,-83.1358,-50,-50,-50,-50,-50,-50,-50,-49.798,-43.3526,-37.1409,-31.1505,-25.3697,-19.7878,-14.3946,-9.18076,-4.13748,0,0,0,0,2.93219,7.9323,13.0997,18.4429,23.9711,29.694,35.6221,41.7666,48.1397
-2.1,-300,-300,-300,-300,-300,-300,-300,-300,-300,-300,-300,-300,-300,-300,-300,-300,-300,-300,-300,-300,-300,-300,-300,-300,-300,-300,-300,-300,-300,-300,-300,-300,-300,-300,-300,-300,-300,-300,-300,-300,-300,-300,-300,-300,-300,-300,-300,-300,-300,-300,-300,-300,-300,-300,-300,-300,-300,-300,-300,-300,-300,-298.662,-277.756,-255.406,-231.46,-205.738,-178.035,-148.116,-115.7,-80.4643,-50,-50,-50,-50,-50,-50,-50,-49.3156,-42.8873,-36.6918,-30.7167,-24.9504,-19.3821,-14.002,-8.80059,-3.76912,0,0,0,0,3.30102,8.31395,13.4948,18.8522,24.3954,30.1341,36.0788,42.2409,48.6325,50
-2.04,-300,-300,-300,-300,-300,-300,-300,-300,-300,-300,-300,-300,-300,-300,-300,-300,-300,-300,-300,-300,-300,-300,-300,-300,-300,-300,-300,-300,-300,-300,-300,-300,-300,-300,-300,-300,-300,-300,-300,-300,-300,-300,-300,-300,-300,-300,-300,-300,-300,-300,-300,-300,-300,-300,-300,-300,-300,-300,-300,-300,-297.195,-276.188,-253.727,-229.657,-203.797,-175.941,-145.848,-113.237,-77.7788,-50,-50,-50,-50,-50,-50,-50,-48.8353,-42.424,-36.2445,-30.2846,-24.5327,-18.9782,-13.611,-8.42195,-3.40223,0,0,0,0,3.67016,8.69593,13.8903,19.262,24.8201,30.5746,36.536,42.7157,49.1259,50,50
-1.98,-300,-300,-300,-300,-300,-300,-300,-300,-300,-300,-300,-300,-300,-300,-300,-300,-300,-300,-300,-300,-300,-300,-300,-300,-300,-300,-300,-300,-300,-300,-300,-300,-300,-300,-300,-300,-300,-300,-300,-300,-300,-300,-300,-300,-300,-300,-300,-300,-300,-300,-300,-300,-300,-300,-300,-300,-300,-300,-300,-295.722,-274.614,-252.041,-227.847,-201.848,-173.836,-143.569,-110.761,-75.0792,-50,-50,-50,-50,-50,-50,-50,-48.357,-41.9625,-35.799,-29.8542,-24.1167,-18.5758,-13.2216,-8.04479,-3.03678,0,0,0,0,4.03963,9.07824,14.2862,19.6721,25.2452,31.0155,36.9936,43.191,49.6199,50,50,50
-1.92,-300,-300,-300,-300,-300,-300,-300,-300,-300,-300,-300,-300,-300,-300,-300,-300,-300,-300,-300,-300,-300,-300,-300,-300,-300,-300,-300,-300,-300,-300,-300,-300,-300,-300,-300,-300,-300,-300,-300,-300,-300,-300,-300,-300,-300,-300,-300,-300,-300,-300,-300,-300,-300,-300,-300,-300,-300,-300,-294.244,-273.034,-250.349,-226.028,-199.89,-171.722,-141.279,-108.272,-72.3652,-50,-50,-50,-50,-50,-50,-50,-47.8805,-41.5029,-35.3553,-29.4256,-23.7023,-18.175,-12.8337,-7.66911,-2.67276,0,0,0,0,4.40938,9.46092,14.6824,20.0826,25.6708,31.4569,37.4518,43.6669,50,50,50,50,50
-1.86,-300,-300,-300,-300,-300,-300,-300,-300,-300,-300,-300,-300,-300,-300,-300,-300,-300,-300,-300,-300,-300,-300,-300,-300,-300,-300,-300,-300,-300,-300,-300,-300,-300,-300,-300,-300,-300,-300,-300,-300,-300,-300,-300,-300,-300,-300,-300,-300,-300,-300,-300,-300,-300,-300,-300,-300,-300,-292.759,-271.447,-248.648,-224.202,-197.923,-169.598,-138.978,-105.771,-69.6366,-50,-50,-50,-50,-50,-50,-50,-47.406,-41.0451,-34.9134,-28.9986,-23.2896,-17.7758,-12.4473,-7.29491,-2.31015,0,0,0,0,4.77947,9.84389,15.079,20.4934,26.0967,31.8988,37.9105,44.1433,50,50,50,50,50,50
-1.8,-300,-300,-300,-300,-300,-300,-300,-300,-300,-300,-300,-300,-300,-300,-300,-300,-300,-300,-300,-300,-300,-300,-300,-300,-300,-300,-300,-300,-300,-300,-300,-300,-300,-300,-300,-300,-300,-300,-300,-300,-300,-300,-300,-300,-300,-300,-300,-300,-300,-300,-300,-300,-300,-300,-300,-300,-291.269,-269.854,-246.941,-222.368,-195.948,-167.464,-136.665,-103.257,-66.8933,-50,-50,-50,-50,-50,-50,-50,-46.9334,-40.5892,-34.4732,-28.5734,-22.8785,-17.3781,-12.0624,-6.92216,-1.94894,0,0,0,0.235567,5.14987,10.2272,15.4759,20.9047,26.5231,32.3411,38.3696,44.6202,50,50,50,50,50,50,50
-1.74,-300,-300,-300,-300,-300,-300,-300,-300,-300,-300,-300,-300,-300,-300,-300,-300,-300,-300,-300,-300,-300,-300,-300,-300,-300,-300,-300,-300,-300,-300,-300,-300,-300,-300,-300,-300,-300,-300,-300,-300,-300,-300,-300,-300,-300,-300,-300,-300,-300,-300,-300,-300,-300,-300,-300,-289.773,-268.254,-245.226,-220.525,-193.963,-165.319,-134.341,-100.729,-64.135,-50,-50,-50,-50,-50,-50,-50,-46.4627,-40.135,-34.0347,-28.1498,-22.469,-16.982,-11.679,-6.55083,-1.58911,0,0,0,0.59398,5.52059,10.6109,15.8733,21.3164,26.9499,32.7839,38.8293,45.0977,50,50,50,50,50,50,50,55.2078
-1.68,-300,-300,-300,-300,-300,-300,-300,-300,-300,-300,-300,-300,-300,-300,-300,-300,-300,-300,-300,-300,-300,-300,-300,-300,-300,-300,-300,-300,-300,-300,-300,-300,-300,-300,-300,-300,-300,-300,-300,-300,-300,-300,-300,-300,-300,-300,-300,-300,-300,-300,-300,-300,-300,-300,-288.27,-266.647,-243.503,-218.674,-191.968,-163.164,-132.004,-98.1885,-61.3612,-50,-50,-50,-50,-50,-50,-50,-45.9937,-39.6826,-33.5979,-27.7278,-22.0611,-16.5874,-11.297,-6.18092,-1.23065,0,0,0,0.952694,5.89165,10.995,16.271,21.7285,27.3772,33.2272,39.2894,45.5757,50,50,50,50,50,50,50,58.143,95.1339
-1.62,-300,-300,-300,-300,-300,-300,-300,-300,-300,-300,-300,-300,-300,-300,-300,-300,-300,-300,-300,-300,-300,-300,-300,-300,-300,-300,-300,-300,-300,-300,-300,-300,-300,-300,-300,-300,-300,-300,-300,-300,-300,-300,-300,-300,-300,-300,-300,-300,-300,-300,-300,-300,-300,-286.761,-265.032,-241.773,-216.815,-189.964,-160.998,-129.656,-95.6339,-58.572,-50,-50,-50,-50,-50,-50,-50,-45.5266,-39.2319,-33.1628,-27.3075,-21.6547,-16.1943,-10.9165,-5.8124,-0.873536,0,0,0,1.31174,6.26306,11.3794,16.669,22.141,27.8049,33.6709,39.7501,46.0543,50,50,50,50,50,50,50,61.0535,97.8057,131.555
-1.56,-300,-300,-300,-300,-300,-300,-300,-300,-300,-300,-300,-300,-300,-300,-300,-300,-300,-300,-300,-300,-300,-300,-300,-300,-300,-300,-300,-300,-300,-300,-300,-300,-300,-300,-300,-300,-300,-300,-300,-300,-300,-300,-300,-300,-300,-300,-300,-300,-300,-300,-300,-300,-285.245,-263.411,-240.035,-214.946,-187.95,-158.821,-127.296,-93.0655,-55.7669,-50,-50,-50,-50,-50,-50,-50,-45.0613,-38.783,-32.7294,-26.8887,-21.2499,-15.8027,-10.5374,-5.44526,-0.517738,0,0,0,1.6711,6.63482,11.7641,17.0675,22.5539,28.2331,34.1152,40.2114,46.5335,50,50,50,50,50,50,50,63.94,100.456,133.997,164.913
-1.5,-300,-300,-300,-300,-300,-300,-300,-300,-300,-300,-300,-300,-300,-300,-300,-300,-300,-300,-300,-300,-300,-300,-300,-300,-300,-300,-300,-300,-300,-300,-300,-300,-300,-300,-300,-300,-300,-300,-300,-300,-300,-300,-300,-300,-300,-300,-300,-300,-300,-300,-300,-283.723,-261.783,-238.288,-213.069,-185.927,-156.633,-124.923,-90.4829,-52.9456,-50,-50,-50,-50,-50,-50,-50,-44.5977,-38.3357,-32.2976,-26.4715,-20.8466,-15.4125,-10.1598,-5.07948,-0.163271,0,0,0,2.03083,7.00693,12.1493,17.4664,22.9673,28.6617,34.5599,40.6731,47.0132,50,50,50,50,50,50,50,66.8025,103.085,136.421,167.154,195.579
-1.44,-300,-300,-300,-300,-300,-300,-300,-300,-300,-300,-300,-300,-300,-300,-300,-300,-300,-300,-300,-300,-300,-300,-300,-300,-300,-300,-300,-300,-300,-300,-300,-300,-300,-300,-300,-300,-300,-300,-300,-300,-300,-300,-300,-300,-300,-300,-300,-300,-300,-300,-282.193,-260.147,-236.534,-211.182,-183.893,-154.434,-122.537,-87.8858,-50.108,-50,-50,-50,-50,-50,-50,-50,-44.1358,-37.8901,-31.8673,-26.0558,-20.4447,-15.0237,-9.78347,-4.71502,0,0,0,0,2.3909,7.37942,12.5349,17.8657,23.3811,29.0907,35.0051,41.1353,47.4935,50,50,50,50,50,50,50,69.6413,105.693,138.825,169.379,197.643,223.867
-1.38,-300,-300,-300,-300,-300,-300,-300,-300,-300,-300,-300,-300,-300,-300,-300,-300,-300,-300,-300,-300,-300,-300,-300,-300,-300,-300,-300,-300,-300,-300,-300,-300,-300,-300,-300,-300,-300,-300,-300,-300,-300,-300,-300,-300,-300,-300,-300,-300,-300,-280.657,-258.503,-234.771,-209.287,-181.849,-152.223,-120.138,-85.2741,-50,-50,-50,-50,-50,-50,-50,-50,-43.6756,-37.4461,-31.4386,-25.6417,-20.0443,-14.6364,-9.40854,-4.35189,0,0,0,0,2.75134,7.75229,12.9208,18.2655,23.7953,29.5203,35.4508,41.5982,47.9744,50,50,50,50,50,50,50,72.4568,108.28,141.211,171.586,199.692,225.774,250.042
-1.32,-300,-300,-300,-300,-300,-300,-300,-300,-300,-300,-300,-300,-300,-300,-300,-300,-300,-300,-300,-300,-300,-300,-300,-300,-300,-300,-300,-300,-300,-300,-300,-300,-300,-300,-300,-300,-300,-300,-300,-300,-300,-300,-300,-300,-300,-300,-300,-299.94,-279.114,-256.851,-232.999,-207.382,-179.794,-150.001,-117.726,-82.6474,-50,-50,-50,-50,-50,-50,-50,-49.6642,-43.2171,-37.0037,-31.0115,-25.229,-19.6453,-14.2505,-9.03496,-3.99006,0,0,0,0,3.11214,8.12555,13.3072,18.6656,24.2101,29.9504,35.8971,42.0615,48.4559,50,50,50,50,50,50,50,75.2492,110.847,143.579,173.778,201.726,227.667,251.809,274.332
-1.26,-300,-300,-300,-300,-300,-300,-300,-300,-300,-300,-300,-300,-300,-300,-300,-300,-300,-300,-300,-300,-300,-300,-300,-300,-300,-300,-300,-300,-300,-300,-300,-300,-300,-300,-300,-300,-300,-300,-300,-300,-300,-300,-300,-300,-300,-300,-298.488,-277.563,-255.192,-231.219,-205.467,-177.729,-147.766,-115.301,-80.0055,-50,-50,-50,-50,-50,-50,-50,-49.1903,-42.7602,-36.5628,-30.5859,-24.8178,-19.2478,-13.8659,-8.66267,-3.6295,0,0,0,0,3.47333,8.49921,13.694,19.0662,24.6252,30.3809,36.3439,42.5254,48.9379,50,50,50,50,50,50,50,78.019,113.394,145.929,175.952,203.745,229.547,253.563,275.974,296.935
-1.2,-300,-300,-300,-300,-300,-300,-300,-300,-300,-300,-300,-300,-300,-300,-300,-300,-300,-300,-300,-300,-300,-300,-300,-300,-300,-300,-300,-300,-300,-300,-300,-300,-300,-300,-300,-300,-300,-300,-300,-300,-300,-300,-300,-300,-300,-297.03,-276.006,-253.525,-229.43,-203.542,-175.652,-145.519,-112.862,-77.348,-50,-50,-50,-50,-50,-50,-50,-48.718,-42.3048,-36.1235,-30.1617,-24.408,-18.8516,-13.4826,-8.29171,-3.27018,0,0,0,0,3.83492,8.8733,14.0812,19.4673,25.0409,30.812,36.7912,42.99,49.4206,50,50,50,50,50,50,50,80.7663,115.92,148.26,178.111,205.75,231.414,255.306,277.605,298.465,300
-1.14,-300,-300,-300,-300,-300,-300,-300,-300,-300,-300,-300,-300,-300,-300,-300,-300,-300,-300,-300,-300,-300,-300,-300,-300,-300,-300,-300,-300,-300,-300,-300,-300,-300,-300,-300,-300,-300,-300,-300,-300,-300,-300,-300,-300,-295.564,-274.44,-251.849,-227.632,-201.607,-173.565,-143.26,-110.408,-74.6748,-50,-50,-50,-50,-50,-50,-50,-48.2474,-41.8511,-35.6857,-29.739,-23.9996,-18.4568,-13.1007,-7.92199,-2.91211,0,0,0,0,4.19693,9.2478,14.4689,19.8688,25.4571,31.2436,37.2391,43.4551,49.9039,50,50,50,50,50,50,50,83.4915,118.427,150.574,180.254,207.74,233.267,257.037,279.225,299.985,300,300
-1.08,-300,-300,-300,-300,-300,-300,-300,-300,-300,-300,-300,-300,-300,-300,-300,-300,-300,-300,-300,-300,-300,-300,-300,-300,-300,-300,-300,-300,-300,-300,-300,-300,-300,-300,-300,-300,-300,-300,-300,-300,-300,-300,-300,-294.091,-272.867,-250.165,-225.825,-199.662,-171.466,-140.988,-107.941,-71.9854,-50,-50,-50,-50,-50,-50,-50,-47.7783,-41.3988,-35.2494,-29.3177,-23.5925,-18.0633,-12.72,-7.55352,-2.55524,0,0,0,0,4.55934,9.62276,14.857,20.2709,25.8737,31.6757,37.6875,43.9208,50,50,50,50,50,50,50,50,86.1947,120.914,152.871,182.381,209.716,235.108,258.756,280.835,300,300,300,300
-1.02,-300,-300,-300,-300,-300,-300,-300,-300,-300,-300,-300,-300,-300,-300,-300,-300,-300,-300,-300,-300,-300,-300,-300,-300,-300,-300,-300,-300,-300,-300,-300,-300,-300,-300,-300,-300,-300,-300,-300,-300,-300,-300,-292.611,-271.286,-248.472,-224.008,-197.707,-169.355,-138.703,-105.459,-69.2795,-50,-50,-50,-50,-50,-50,-50,-47.3108,-40.9481,-34.8145,-28.8978,-23.1869,-17.6711,-12.3406,-7.18627,-2.19955,0,0,0,0.00949468,4.92221,9.99817,15.2456,20.6734,26.291,32.1084,38.1365,44.3871,50,50,50,50,50,50,50,51.2626,88.8767,123.382,155.15,184.493,211.678,236.936,260.464,282.433,300,300,300,300,300
-0.960002,-300,-300,-300,-300,-300,-300,-300,-300,-300,-300,-300,-300,-300,-300,-300,-300,-300,-300,-300,-300,-300,-300,-300,-300,-300,-300,-300,-300,-300,-300,-300,-300,-300,-300,-300,-300,-300,-300,-300,-300,-300,-291.124,-269.697,-246.771,-222.181,-195.741,-167.233,-136.405,-102.962,-66.5569,-50,-50,-50,-50,-50,-50,-50,-46.8449,-40.4988,-34.381,-28.4793,-22.7825,-17.2801,-11.9624,-6.82023,-1.84502,0,0,0,0.360884,5.28555,10.3741,15.6347,21.0765,26.7087,32.5416,38.5862,44.854,50,50,50,50,50,50,50,54.1637,91.5373,125.832,157.413,186.589,213.627,238.751,262.16,284.021,300,300,300,300,300,300
-0.900002,-300,-300,-300,-300,-300,-300,-300,-300,-300,-300,-300,-300,-300,-300,-300,-300,-300,-300,-300,-300,-300,-300,-300,-300,-300,-300,-300,-300,-300,-300,-300,-300,-300,-300,-300,-300,-300,-300,-300,-300,-289.63,-268.1,-245.06,-220.345,-193.764,-165.099,-134.093,-100.45,-63.8172,-50,-50,-50,-50,-50,-50,-50,-46.3804,-40.051,-33.9489,-28.0621,-22.3795,-16.8905,-11.5855,-6.45535,-1.49163,0,0,0,0.712732,5.64935,10.7505,16.0244,21.4801,27.127,32.9755,39.0365,45.3217,50,50,50,50,50,50,50,57.0412,94.1769,128.262,159.658,188.671,215.561,240.554,263.844,285.599,300,300,300,300,300,300,300
-0.840002,-300,-300,-300,-300,-300,-300,-300,-300,-300,-300,-300,-300,-300,-300,-300,-300,-300,-300,-300,-300,-300,-300,-300,-300,-300,-300,-300,-300,-300,-300,-300,-300,-300,-300,-300,-300,-300,-300,-300,-288.127,-266.495,-243.341,-218.499,-191.776,-162.952,-131.768,-97.9228,-61.06,-50,-50,-50,-50,-50,-50,-50,-45.9173,-39.6045,-33.5182,-27.6462,-21.9776,-16.502,-11.2097,-6.09163,-1.13936,0,0,0,1.06506,6.01365,11.1274,16.4145,21.8842,27.5459,33.41,39.4874,45.79,50,50,50,50,50,50,50,59.8955,96.7961,130.674,161.887,190.737,217.482,242.345,265.518,287.167,300,300,300,300,300,300,300,300
-0.780002,-300,-300,-300,-300,-300,-300,-300,-300,-300,-300,-300,-300,-300,-300,-300,-300,-300,-300,-300,-300,-300,-300,-300,-300,-300,-300,-300,-300,-300,-300,-300,-300,-300,-300,-300,-300,-300,-300,-286.617,-264.881,-241.612,-216.642,-189.777,-160.793,-129.429,-95.3798,-58.2851,-50,-50,-50,-50,-50,-50,-50,-45.4557,-39.1595,-33.0887,-27.2316,-21.5771,-16.1148,-10.8351,-5.72903,-0.788184,0,0,0,1.41788,6.37846,11.5048,16.8053,22.2889,27.9654,33.845,39.9389,46.2589,50,50,50,50,50,50,50,62.7269,99.3948,133.068,164.1,192.789,219.39,244.124,267.18,288.724,300,300,300,300,300,300,300,300,300
-0.720002,-300,-300,-300,-300,-300,-300,-300,-300,-300,-300,-300,-300,-300,-300,-300,-300,-300,-300,-300,-300,-300,-300,-300,-300,-300,-300,-300,-300,-300,-300,-300,-300,-300,-300,-300,-300,-300,-285.099,-263.259,-239.874,-214.775,-187.766,-158.621,-127.075,-92.8207,-55.4921,-50,-50,-50,-50,-50,-50,-50,-44.9954,-38.7157,-32.6606,-26.8183,-21.1777,-15.7287,-10.4616,-5.36753,-0.438076,0,0,0,1.77121,6.7438,11.8828,17.1965,22.6942,28.3855,34.2808,40.3911,46.7286,50,50,50,50,50,50,50,65.5358,101.974,135.444,166.296,194.826,221.284,245.89,268.832,290.271,300,300,300,300,300,300,300,300,300,300
-0.660002,-300,-300,-300,-300,-300,-300,-300,-300,-300,-300,-300,-300,-300,-300,-300,-300,-300,-300,-300,-300,-300,-300,-300,-300,-300,-300,-300,-300,-300,-300,-300,-300,-300,-300,-300,-300,-283.573,-261.628,-238.126,-212.897,-185.744,-156.436,-124.707,-90.2452,-52.6807,-50,-50,-50,-50,-50,-50,-50,-44.5365,-38.2733,-32.2337,-26.4061,-20.7795,-15.3438,-10.0892,-5.00711,-0.0890164,0,0,0,2.12507,7.10969,12.2613,17.5884,23.1001,28.8062,34.7171,40.8441,47.199,50,50,50,50,50,50,50,68.3227,104.533,137.803,168.477,196.848,223.166,247.645,270.472,291.809,300,300,300,300,300,300,300,300,300,300,300
-0.600002,-300,-300,-300,-300,-300,-300,-300,-300,-300,-300,-300,-300,-300,-300,-300,-300,-300,-300,-300,-300,-300,-300,-300,-300,-300,-300,-300,-300,-300,-300,-300,-300,-300,-300,-300,-282.039,-259.988,-236.369,-211.009,-183.709,-154.238,-122.324,-87.6531,-50,-50,-50,-50,-50,-50,-50,-50,-44.079,-37.8321,-31.8081,-25.9952,-20.3825,-14.9599,-9.71797,-4.64774,0,0,0,0,2.47947,7.47615,12.6404,17.9809,23.5067,29.2276,35.1542,41.2977,47.6702,50,50,50,50,50,50,50,71.0876,107.072,140.144,170.642,198.857,225.034,249.388,272.102,293.336,300,300,300,300,300,300,300,300,300,300,300,300
-0.540002,-300,-300,-300,-300,-300,-300,-300,-300,-300,-300,-300,-300,-300,-300,-300,-300,-300,-300,-300,-300,-300,-300,-300,-300,-300,-300,-300,-300,-300,-300,-300,-300,-300,-300,-280.497,-258.338,-234.601,-209.11,-181.663,-152.026,-119.926,-85.0441,-50,-50,-50,-50,-50,-50,-50,-50,-43.6227,-37.3922,-31.3836,-25.5854,-19.9866,-14.5772,-9.34775,-4.2894,0,0,0,0,2.83445,7.84318,13.0202,18.374,23.9139,29.6497,35.592,41.7521,48.1421,50,50,50,50,50,50,50,73.8311,109.593,142.468,172.792,200.851,226.89,251.119,273.721,294.854,300,300,300,300,300,300,300,300,300,300,300,300,300
-0.480002,-300,-300,-300,-300,-300,-300,-300,-300,-300,-300,-300,-300,-300,-300,-300,-300,-300,-300,-300,-300,-300,-300,-300,-300,-300,-300,-300,-300,-300,-300,-300,-300,-299.775,-278.946,-256.68,-232.823,-207.199,-179.604,-149.8,-117.513,-82.4178,-50,-50,-50,-50,-50,-50,-50,-49.6153,-43.1676,-36.9535,-30.9604,-25.1767,-19.5918,-14.1955,-8.97855,-3.93206,0,0,0,0,3.19002,8.21083,13.4005,18.7678,24.3218,30.0725,36.0305,42.2072,48.6149,50,50,50,50,50,50,50,76.5535,112.094,144.775,174.926,202.832,228.734,252.839,275.33,296.362,300,300,300,300,300,300,300,300,300,300,300,300,300,300
-0.420002,-300,-300,-300,-300,-300,-300,-300,-300,-300,-300,-300,-300,-300,-300,-300,-300,-300,-300,-300,-300,-300,-300,-300,-300,-300,-300,-300,-300,-300,-300,-300,-298.313,-277.386,-255.012,-231.035,-205.277,-177.532,-147.561,-115.084,-79.7739,-50,-50,-50,-50,-50,-50,-50,-49.1442,-42.7138,-36.5159,-30.5382,-24.7692,-19.1981,-13.8149,-8.61036,-3.5757,0,0,0,0,3.5462,8.57911,13.7815,19.1622,24.7303,30.496,36.4697,42.6631,49.0884,50,50,50,50,50,50,50,79.2551,114.577,147.065,177.046,204.799,230.565,254.548,276.929,297.861,300,300,300,300,300,300,300,300,300,300,300,300,300,300,300
-0.360002,-300,-300,-300,-300,-300,-300,-300,-300,-300,-300,-300,-300,-300,-300,-300,-300,-300,-300,-300,-300,-300,-300,-300,-300,-300,-300,-300,-300,-300,-300,-296.843,-275.817,-253.334,-229.236,-203.343,-175.448,-145.307,-112.639,-77.112,-50,-50,-50,-50,-50,-50,-50,-48.6744,-42.2611,-36.0795,-30.1172,-24.3627,-18.8054,-13.4353,-8.24315,-3.22028,0,0,0,0,3.90301,8.94804,14.1632,19.5573,25.1396,30.9202,36.9098,43.1199,49.5628,50,50,50,50,50,50,50,81.9362,117.042,149.339,179.151,206.753,232.384,256.246,278.517,299.351,300,300,300,300,300,300,300,300,300,300,300,300,300,300,300,300
-0.300002,-300,-300,-300,-300,-300,-300,-300,-300,-300,-300,-300,-300,-300,-300,-300,-300,-300,-300,-300,-300,-300,-300,-300,-300,-300,-300,-300,-300,-300,-295.365,-274.24,-251.647,-227.427,-201.398,-173.35,-143.038,-110.177,-74.4318,-50,-50,-50,-50,-50,-50,-50,-48.2057,-41.8097,-35.6442,-29.6972,-23.9572,-18.4136,-13.0566,-7.87689,-2.86579,0,0,0,0,4.26048,9.31765,14.5456,19.9532,25.5497,31.3452,37.3506,43.5774,50,50,50,50,50,50,50,50,84.5973,119.489,151.597,181.241,208.694,234.191,257.933,280.096,300,300,300,300,300,300,300,300,300,300,300,300,300,300,300,300,300,300
-0.240002,-300,-300,-300,-300,-300,-300,-300,-300,-300,-300,-300,-300,-300,-300,-300,-300,-300,-300,-300,-300,-300,-300,-300,-300,-300,-300,-300,-300,-293.878,-272.653,-249.949,-225.606,-199.44,-171.239,-140.755,-107.699,-71.733,-50,-50,-50,-50,-50,-50,-50,-47.7383,-41.3593,-35.21,-29.2783,-23.5528,-18.0229,-12.6789,-7.51155,-2.51221,0,0,0,0,4.61863,9.68795,14.9287,20.3497,25.9605,31.771,37.7923,44.0359,50,50,50,50,50,50,50,50,87.2386,121.918,153.839,183.317,210.622,235.986,259.609,281.664,300,300,300,300,300,300,300,300,300,300,300,300,300,300,300,300,300,300,300
-0.180002,-300,-300,-300,-300,-300,-300,-300,-300,-300,-300,-300,-300,-300,-300,-300,-300,-300,-300,-300,-300,-300,-300,-300,-300,-300,-300,-300,-292.383,-271.057,-248.242,-223.775,-197.471,-169.115,-138.457,-105.205,-69.0152,-50,-50,-50,-50,-50,-50,-50,-47.2719,-40.91,-34.7768,-28.8604,-23.1493,-17.6332,-12.3021,-7.14711,-2.15949,0,0,0,0.0597479,4.97747,10.059,15.3126,20.7471,26.3721,32.1977,38.2348,44.4952,50,50,50,50,50,50,50,52.2862,89.8605,124.33,156.066,185.379,212.537,237.77,261.275,283.223,300,300,300,300,300,300,300,300,300,300,300,300,300,300,300,300,300,300,300,300
-0.120002,-300,-300,-300,-300,-300,-300,-300,-300,-300,-300,-300,-300,-300,-300,-300,-300,-300,-300,-300,-300,-300,-300,-300,-300,-300,-300,-290.879,-269.452,-246.524,-221.932,-195.488,-166.976,-136.143,-102.693,-66.2781,-50,-50,-50,-50,-50,-50,-50,-46.8067,-40.4618,-34.3447,-28.4434,-22.7468,-17.2443,-11.9263,-6.78355,-1.80763,0,0,0,0.407725,5.33704,10.4307,15.6972,21.1452,26.7845,32.6252,38.6782,44.9554,50,50,50,50,50,50,50,55.1255,92.4631,126.725,158.277,187.427,214.44,239.542,262.93,284.772,300,300,300,300,300,300,300,300,300,300,300,300,300,300,300,300,300,300,300,300,300
-0.0600019,-300,-300,-300,-300,-300,-300,-300,-300,-300,-300,-300,-300,-300,-300,-300,-300,-300,-300,-300,-300,-300,-300,-300,-300,-300,-289.367,-267.837,-244.795,-220.077,-193.493,-164.824,-133.813,-100.163,-63.5213,-50,-50,-50,-50,-50,-50,-50,-46.3425,-40.0146,-33.9135,-28.0275,-22.3452,-16.8564,-11.5513,-6.42083,-1.45659,0,0,0,0.75643,5.69736,10.8033,16.0826,21.5442,27.1978,33.0535,39.1225,45.4166,50,50,50,50,50,50,50,57.9434,95.0471,129.103,160.473,189.462,216.33,241.304,264.575,286.312,300,300,300,300,300,300,300,300,300,300,300,300,300,300,300,300,300,300,300,300,300,300
-1.86E-06,-300,-300,-300,-300,-300,-300,-300,-300,-300,-300,-300,-300,-300,-300,-300,-300,-300,-300,-300,-300,-300,-300,-300,-300,-287.845,-266.212,-243.056,-218.211,-191.485,-162.657,-131.468,-97.6158,-60.7444,-50,-50,-50,-50,-50,-50,-50,-45.8793,-39.5683,-33.4833,-27.6124,-21.9445,-16.4693,-11.1771,-6.05894,-1.10635,0,0,0,1.10589,6.05846,11.1766,16.4688,21.944,27.6119,33.4828,39.5678,45.8787,50,50,50,50,50,50,50,60.7408,97.6125,131.465,162.654,191.483,218.208,243.054,266.21,287.843,300,300,300,300,300,300,300,300,300,300,300,300,300,300,300,300,300,300,300,300,300,300,300
0.0599981,-300,-300,-300,-300,-300,-300,-300,-300,-300,-300,-300,-300,-300,-300,-300,-300,-300,-300,-300,-300,-300,-300,-300,-286.314,-264.577,-241.306,-216.333,-189.464,-160.476,-129.107,-95.0504,-57.9472,-50,-50,-50,-50,-50,-50,-50,-45.4172,-39.1231,-33.0541,-27.1983,-21.5447,-16.0831,-10.8038,-5.69784,-0.756894,0,0,0,1.45612,6.42035,11.5508,16.8559,22.3447,28.0269,33.913,40.014,46.3419,50,50,50,50,50,50,50,63.5177,100.16,133.81,164.821,193.491,220.075,244.793,267.834,289.365,300,300,300,300,300,300,300,300,300,300,300,300,300,300,300,300,300,300,300,300,300,300,300,300
0.119998,-300,-300,-300,-300,-300,-300,-300,-300,-300,-300,-300,-300,-300,-300,-300,-300,-300,-300,-300,-300,-300,-300,-284.774,-262.932,-239.545,-214.443,-187.43,-158.28,-126.728,-92.4665,-55.1292,-50,-50,-50,-50,-50,-50,-50,-44.956,-38.6788,-32.6257,-26.785,-21.1458,-15.6977,-10.4312,-5.33752,-0.408188,0,0,0,1.80716,6.78306,11.9258,17.2438,22.7463,28.4429,34.3441,40.4612,46.8061,50,50,50,50,50,50,50,66.2745,102.689,136.14,166.973,195.486,221.929,246.521,269.45,290.877,300,300,300,300,300,300,300,300,300,300,300,300,300,300,300,300,300,300,300,300,300,300,300,300,300
0.179998,-300,-300,-300,-300,-300,-300,-300,-300,-300,-300,-300,-300,-300,-300,-300,-300,-300,-300,-300,-300,-300,-283.225,-261.277,-237.772,-212.54,-185.382,-156.068,-124.334,-89.8639,-52.29,-50,-50,-50,-50,-50,-50,-50,-44.4958,-38.2354,-32.1982,-26.3726,-20.7476,-15.3131,-10.0595,-4.97795,-0.0602104,0,0,0,2.15902,7.14663,12.3017,17.6326,23.1488,28.8598,34.7763,40.9094,47.2713,50,50,50,50,50,50,50,69.0116,105.201,138.453,169.112,197.468,223.772,248.239,271.055,292.381,300,300,300,300,300,300,300,300,300,300,300,300,300,300,300,300,300,300,300,300,300,300,300,300,300,300
0.239998,-300,-300,-300,-300,-300,-300,-300,-300,-300,-300,-300,-300,-300,-300,-300,-300,-300,-300,-300,-300,-281.666,-259.611,-235.989,-210.625,-183.32,-153.842,-121.922,-87.2421,-50,-50,-50,-50,-50,-50,-50,-50,-44.0365,-37.7929,-31.7716,-25.961,-20.3503,-14.9292,-9.68845,-4.61911,0,0,0,0,2.51174,7.51106,12.6784,18.0224,23.5522,29.2777,35.2094,41.3587,47.7377,50,50,50,50,50,50,50,71.7294,107.696,140.752,171.236,199.438,225.604,249.947,272.651,293.876,300,300,300,300,300,300,300,300,300,300,300,300,300,300,300,300,300,300,300,300,300,300,300,300,300,300,300
0.299998,-300,-300,-300,-300,-300,-300,-300,-300,-300,-300,-300,-300,-300,-300,-300,-300,-300,-300,-300,-280.098,-257.935,-234.193,-208.697,-181.244,-151.6,-119.492,-84.6008,-50,-50,-50,-50,-50,-50,-50,-50,-43.578,-37.3512,-31.3458,-25.5502,-19.9537,-14.5461,-9.31814,-4.26096,0,0,0,0,2.86532,7.8764,13.0561,18.4131,23.9567,29.6966,35.6436,41.809,48.2051,50,50,50,50,50,50,50,74.4282,110.174,143.035,173.347,201.395,227.424,251.644,274.238,295.363,300,300,300,300,300,300,300,300,300,300,300,300,300,300,300,300,300,300,300,300,300,300,300,300,300,300,300,300
0.359998,-300,-300,-300,-300,-300,-300,-300,-300,-300,-300,-300,-300,-300,-300,-300,-300,-300,-299.352,-278.519,-256.248,-232.386,-206.756,-179.153,-149.342,-117.046,-81.9398,-50,-50,-50,-50,-50,-50,-50,-49.5635,-43.1205,-36.9104,-30.9208,-25.1402,-19.5578,-14.1637,-8.94854,-3.90349,0,0,0,0,3.21981,8.24266,13.4348,18.8048,24.3621,30.1166,36.0789,42.2605,48.6738,50,50,50,50,50,50,50,77.1084,112.635,145.304,175.445,203.341,229.234,253.332,275.815,296.841,300,300,300,300,300,300,300,300,300,300,300,300,300,300,300,300,300,300,300,300,300,300,300,300,300,300,300,300,300
0.419998,-300,-300,-300,-300,-300,-300,-300,-300,-300,-300,-300,-300,-300,-300,-300,-300,-297.863,-276.931,-254.551,-230.567,-204.802,-177.049,-147.068,-114.581,-79.2587,-50,-50,-50,-50,-50,-50,-50,-49.0891,-42.6637,-36.4703,-30.4965,-24.7309,-19.1627,-13.7821,-8.57961,-3.54668,0,0,0,0,3.57522,8.60987,13.8144,19.1975,24.7686,30.5376,36.5153,42.7132,49.1436,50,50,50,50,50,50,50,79.7703,115.081,147.558,177.529,205.275,231.033,255.01,277.384,298.311,300,300,300,300,300,300,300,300,300,300,300,300,300,300,300,300,300,300,300,300,300,300,300,300,300,300,300,300,300,300
0.479998,-300,-300,-300,-300,-300,-300,-300,-300,-300,-300,-300,-300,-300,-300,-300,-296.364,-275.332,-252.842,-228.736,-202.835,-174.929,-144.778,-112.098,-76.557,-50,-50,-50,-50,-50,-50,-50,-48.6155,-42.2078,-36.0311,-30.073,-24.3223,-18.7683,-13.401,-8.21133,-3.1905,0,0,0,0,3.93159,8.97806,14.195,19.5913,25.1762,30.9598,36.9529,43.167,49.6146,50,50,50,50,50,50,50,82.4143,117.51,149.797,179.601,207.197,232.821,256.678,278.944,299.773,300,300,300,300,300,300,300,300,300,300,300,300,300,300,300,300,300,300,300,300,300,300,300,300,300,300,300,300,300,300,300
0.539998,-300,-300,-300,-300,-300,-300,-300,-300,-300,-300,-300,-300,-300,-300,-294.856,-273.723,-251.122,-226.893,-200.854,-172.795,-142.471,-109.596,-73.8347,-50,-50,-50,-50,-50,-50,-50,-48.1428,-41.7527,-35.5926,-29.6503,-23.9144,-18.3745,-13.0207,-7.84368,-2.83493,0,0,0,0,4.28892,9.34725,14.5767,19.9861,25.5848,31.3831,37.3916,43.6221,50,50,50,50,50,50,50,50,85.0406,119.923,152.023,181.66,209.107,234.599,258.336,280.495,300,300,300,300,300,300,300,300,300,300,300,300,300,300,300,300,300,300,300,300,300,300,300,300,300,300,300,300,300,300,300,300,300
0.599998,-300,-300,-300,-300,-300,-300,-300,-300,-300,-300,-300,-300,-300,-293.338,-272.104,-249.39,-225.037,-198.859,-170.645,-140.147,-107.075,-71.0912,-50,-50,-50,-50,-50,-50,-50,-47.6708,-41.2983,-35.1548,-29.2282,-23.5072,-17.9814,-12.6409,-7.47664,-2.47995,0,0,0,0,4.64726,9.71747,14.9594,20.382,25.9946,31.8075,37.8315,44.0784,50,50,50,50,50,50,50,50,87.6497,122.321,154.235,183.706,211.007,236.366,259.986,282.037,300,300,300,300,300,300,300,300,300,300,300,300,300,300,300,300,300,300,300,300,300,300,300,300,300,300,300,300,300,300,300,300,300,300
0.659998,-300,-300,-300,-300,-300,-300,-300,-300,-300,-300,-300,-300,-291.811,-270.474,-247.647,-223.168,-196.851,-168.48,-137.806,-104.536,-68.3263,-50,-50,-50,-50,-50,-50,-50,-47.1997,-40.8447,-34.7177,-28.8068,-23.1007,-17.5889,-12.2618,-7.11018,-2.12554,0,0,0,0.0885461,5.00663,10.0888,15.3433,20.779,26.4056,32.2332,38.2727,44.5359,50,50,50,50,50,50,50,52.6769,90.2418,124.704,156.433,185.741,212.895,238.124,261.626,283.571,300,300,300,300,300,300,300,300,300,300,300,300,300,300,300,300,300,300,300,300,300,300,300,300,300,300,300,300,300,300,300,300,300,300,300
0.719998,-300,-300,-300,-300,-300,-300,-300,-300,-300,-300,-300,-290.273,-268.834,-245.893,-221.287,-194.828,-166.299,-135.447,-101.977,-65.5395,-50,-50,-50,-50,-50,-50,-50,-46.7292,-40.3917,-34.2813,-28.3861,-22.6948,-17.1971,-11.8833,-6.74429,-1.77168,0,0,0,0.437609,5.36705,10.4611,15.7282,21.1772,26.8177,32.66,38.7151,44.9948,50,50,50,50,50,50,50,55.4884,92.8172,127.072,158.618,187.763,214.772,239.872,263.257,285.097,300,300,300,300,300,300,300,300,300,300,300,300,300,300,300,300,300,300,300,300,300,300,300,300,300,300,300,300,300,300,300,300,300,300,300,300
0.779998,-300,-300,-300,-300,-300,-300,-300,-300,-300,-300,-288.726,-267.182,-244.126,-219.392,-192.791,-164.103,-133.071,-99.3982,-62.7306,-50,-50,-50,-50,-50,-50,-50,-46.2596,-39.9395,-33.8456,-27.966,-22.2895,-16.8058,-11.5053,-6.37895,-1.41835,0,0,0,0.787712,5.72854,10.8346,16.1143,21.5765,27.2311,33.0882,39.1589,45.4551,50,50,50,50,50,50,50,58.2814,95.3763,129.426,160.79,189.774,216.639,241.61,264.879,286.615,300,300,300,300,300,300,300,300,300,300,300,300,300,300,300,300,300,300,300,300,300,300,300,300,300,300,300,300,300,300,300,300,300,300,300,300,300
0.839998,-300,-300,-300,-300,-300,-300,-300,-300,-300,-287.169,-265.52,-242.348,-217.485,-190.74,-161.89,-130.677,-96.7995,-59.8991,-50,-50,-50,-50,-50,-50,-50,-45.7906,-39.488,-33.4105,-27.5465,-21.8847,-16.4151,-11.1279,-6.01414,-1.06553,0,0,0,1.13889,6.09114,11.2092,16.5015,21.9771,27.6457,33.5176,39.6039,45.9167,50,50,50,50,50,50,50,61.0563,97.9194,131.765,162.949,191.773,218.496,243.339,266.493,288.125,300,300,300,300,300,300,300,300,300,300,300,300,300,300,300,300,300,300,300,300,300,300,300,300,300,300,300,300,300,300,300,300,300,300,300,300,300,300
0.899998,-300,-300,-300,-300,-300,-300,-300,-300,-285.601,-263.847,-240.557,-215.564,-188.673,-159.661,-128.265,-94.1804,-57.045,-50,-50,-50,-50,-50,-50,-50,-45.3223,-39.0371,-32.9761,-27.1276,-21.4806,-16.0249,-10.751,-5.64985,-0.713204,0,0,0,1.49116,6.45486,11.585,16.8899,22.3789,28.0616,33.9483,40.0504,46.3797,50,50,50,50,50,50,50,63.8135,100.447,134.09,165.096,193.761,220.342,245.058,268.098,289.628,300,300,300,300,300,300,300,300,300,300,300,300,300,300,300,300,300,300,300,300,300,300,300,300,300,300,300,300,300,300,300,300,300,300,300,300,300,300,300
0.959998,-300,-300,-300,-300,-300,-300,-300,-284.023,-262.162,-238.754,-213.629,-186.592,-157.416,-125.835,-91.5408,-54.1675,-50,-50,-50,-50,-50,-50,-50,-44.8547,-38.5868,-32.5422,-26.7093,-21.077,-15.6353,-10.3746,-5.28604,-0.36136,0,0,0,1.84455,6.81974,11.9619,17.2796,22.782,28.4788,34.3804,40.4982,46.8442,50,50,50,50,50,50,50,66.5532,102.959,136.402,167.23,195.738,222.179,246.769,269.695,291.122,300,300,300,300,300,300,300,300,300,300,300,300,300,300,300,300,300,300,300,300,300,300,300,300,300,300,300,300,300,300,300,300,300,300,300,300,300,300,300,300
1.02,-300,-300,-300,-300,-300,-300,-282.435,-260.466,-236.938,-211.681,-184.496,-155.153,-123.386,-88.8802,-51.2666,-50,-50,-50,-50,-50,-50,-50,-44.3877,-38.1372,-32.109,-26.2915,-20.674,-15.2462,-9.99868,-4.92271,-0.00997496,0,0,0,2.19907,7.18578,12.3401,17.6705,23.1863,28.8973,34.8139,40.9475,47.3102,50,50,50,50,50,50,50,69.2759,105.456,138.7,169.352,197.704,224.005,248.47,271.284,292.609,300,300,300,300,300,300,300,300,300,300,300,300,300,300,300,300,300,300,300,300,300,300,300,300,300,300,300,300,300,300,300,300,300,300,300,300,300,300,300,300,300
1.08,-300,-300,-300,-300,-300,-280.837,-258.759,-235.11,-209.719,-182.384,-152.874,-120.918,-86.1985,-50,-50,-50,-50,-50,-50,-50,-50,-43.9214,-37.6881,-31.6763,-25.8743,-20.2714,-14.8575,-9.62326,-4.55984,0,0,0,0,2.55475,7.55301,12.7195,18.0627,23.592,29.3172,35.2488,41.3982,47.7777,50,50,50,50,50,50,50,71.9818,107.938,140.985,171.463,199.66,225.822,250.163,272.865,294.089,300,300,300,300,300,300,300,300,300,300,300,300,300,300,300,300,300,300,300,300,300,300,300,300,300,300,300,300,300,300,300,300,300,300,300,300,300,300,300,300,300,300
1.14,-300,-300,-300,-299.987,-279.227,-257.039,-233.27,-207.743,-180.257,-150.577,-118.43,-83.4951,-50,-50,-50,-50,-50,-50,-50,-49.9046,-43.4557,-37.2397,-31.2441,-25.4576,-19.8694,-14.4694,-9.24831,-4.19741,0,0,0,0,2.91163,7.92149,13.1001,18.4562,23.999,29.7384,35.6851,41.8505,48.2467,50,50,50,50,50,50,50,74.6711,110.405,143.257,173.562,201.605,227.63,251.847,274.438,295.562,300,300,300,300,300,300,300,300,300,300,300,300,300,300,300,300,300,300,300,300,300,300,300,300,300,300,300,300,300,300,300,300,300,300,300,300,300,300,300,300,300,300,300
1.2,-300,-300,-298.467,-277.607,-255.309,-231.416,-205.753,-178.114,-148.263,-115.924,-80.7699,-50,-50,-50,-50,-50,-50,-50,-49.4213,-42.9906,-36.7918,-30.8126,-25.0415,-19.4678,-14.0817,-8.87379,-3.83541,0,0,0,0,3.2697,8.29119,13.4821,18.851,24.4074,30.1611,36.1229,42.3042,48.7174,50,50,50,50,50,50,50,77.3444,112.858,145.516,175.649,203.539,229.428,253.522,276.003,297.028,300,300,300,300,300,300,300,300,300,300,300,300,300,300,300,300,300,300,300,300,300,300,300,300,300,300,300,300,300,300,300,300,300,300,300,300,300,300,300,300,300,300,300,300
1.26,-300,-296.937,-275.976,-253.566,-229.549,-203.748,-175.955,-145.932,-113.397,-78.0226,-50,-50,-50,-50,-50,-50,-50,-48.9386,-42.5261,-36.3445,-30.3815,-24.6258,-19.0668,-13.6945,-8.49971,-3.47381,0,0,0,0,3.629,8.66217,13.8653,19.2472,24.8172,30.5853,36.5622,42.7595,49.1896,50,50,50,50,50,50,50,80.0019,115.298,147.763,177.726,205.464,231.217,255.19,277.561,298.486,300,300,300,300,300,300,300,300,300,300,300,300,300,300,300,300,300,300,300,300,300,300,300,300,300,300,300,300,300,300,300,300,300,300,300,300,300,300,300,300,300,300,300,300,300
1.32,-295.397,-274.335,-251.811,-227.669,-201.729,-173.781,-143.582,-110.85,-75.253,-50,-50,-50,-50,-50,-50,-50,-48.4565,-42.0621,-35.8977,-29.9509,-24.2106,-18.6661,-13.3077,-8.12605,-3.11262,0,0,0,0,3.98957,9.03445,14.2499,19.6448,25.2284,31.0109,37.0031,43.2165,49.6636,50,50,50,50,50,50,50,82.6439,117.723,149.998,179.791,207.379,232.997,256.849,279.112,299.939,300,300,300,300,300,300,300,300,300,300,300,300,300,300,300,300,300,300,300,300,300,300,300,300,300,300,300,300,300,300,300,300,300,300,300,300,300,300,300,300,300,300,300,300,300,300
1.38,-272.681,-250.044,-225.776,-199.695,-171.589,-141.214,-108.284,-72.4604,-50,-50,-50,-50,-50,-50,-50,-47.975,-41.5988,-35.4514,-29.5209,-23.7959,-18.266,-12.9213,-7.75278,-2.75181,0,0,0,0,4.35141,9.40804,14.6359,20.0438,25.6411,31.4381,37.4455,43.675,50,50,50,50,50,50,50,50,85.2706,120.135,152.22,181.846,209.284,234.769,258.501,280.655,300,300,300,300,300,300,300,300,300,300,300,300,300,300,300,300,300,300,300,300,300,300,300,300,300,300,300,300,300,300,300,300,300,300,300,300,300,300,300,300,300,300,300,300,300,300,300,300
1.44,-248.265,-223.869,-197.646,-169.382,-138.828,-105.696,-69.645,-50,-50,-50,-50,-50,-50,-50,-47.4942,-41.136,-35.0057,-29.0913,-23.3817,-17.8662,-12.5354,-7.37991,-2.39139,0,0,0,0,4.71454,9.78297,15.0232,20.4442,26.0553,31.8668,37.8895,44.1352,50,50,50,50,50,50,50,50.1041,87.8822,122.534,154.431,183.89,211.18,236.532,260.144,282.191,300,300,300,300,300,300,300,300,300,300,300,300,300,300,300,300,300,300,300,300,300,300,300,300,300,300,300,300,300,300,300,300,300,300,300,300,300,300,300,300,300,300,300,300,300,300,300,300,300
1.5,-221.949,-195.582,-167.157,-136.424,-103.089,-66.8062,-50,-50,-50,-50,-50,-50,-50,-47.0138,-40.6737,-34.5605,-28.6622,-22.9679,-17.4669,-12.1498,-7.00743,-2.03131,0,0,0,0.162801,5.07898,10.1593,15.412,20.846,26.4709,32.297,38.3351,44.5971,50,50,50,50,50,50,50,52.9417,90.4793,124.919,156.63,185.924,213.066,238.286,261.78,283.72,300,300,300,300,300,300,300,300,300,300,300,300,300,300,300,300,300,300,300,300,300,300,300,300,300,300,300,300,300,300,300,300,300,300,300,300,300,300,300,300,300,300,300,300,300,300,300,300,300,300
1.56,-193.503,-164.916,-134,-100.459,-63.9437,-50,-50,-50,-50,-50,-50,-50,-46.5341,-40.212,-34.1158,-28.2336,-22.5545,-17.0681,-11.7647,-6.63531,-1.6716,0,0,0,0.517266,5.44477,10.5369,15.8021,21.2493,26.8882,32.7288,38.7824,45.0606,50,50,50,50,50,50,50,55.7632,93.0619,127.293,158.818,187.948,214.944,240.032,263.409,285.243,300,300,300,300,300,300,300,300,300,300,300,300,300,300,300,300,300,300,300,300,300,300,300,300,300,300,300,300,300,300,300,300,300,300,300,300,300,300,300,300,300,300,300,300,300,300,300,300,300,300,300
1.62,-162.658,-131.558,-97.8092,-61.0573,-50,-50,-50,-50,-50,-50,-50,-46.055,-39.7507,-33.6715,-27.8055,-22.1416,-16.6696,-11.3799,-6.26355,-1.31221,0,0,0,0.873053,5.8119,10.916,16.1938,21.6542,27.3069,33.1623,39.2313,45.526,50,50,50,50,50,50,50,58.5682,95.6304,129.653,160.995,189.961,216.812,241.771,265.03,286.759,300,300,300,300,300,300,300,300,300,300,300,300,300,300,300,300,300,300,300,300,300,300,300,300,300,300,300,300,300,300,300,300,300,300,300,300,300,300,300,300,300,300,300,300,300,300,300,300,300,300,300,300
1.68,-129.096,-95.1373,-58.1468,-50,-50,-50,-50,-50,-50,-50,-45.5764,-39.2901,-33.2278,-27.3778,-21.7291,-16.2715,-10.9955,-5.89215,-0.953177,0,0,0,1.23017,6.18043,11.2965,16.5869,22.0606,27.7273,33.5974,39.682,45.9931,50,50,50,50,50,50,50,61.3575,98.185,132.001,163.161,191.965,218.672,243.501,266.644,288.268,300,300,300,300,300,300,300,300,300,300,300,300,300,300,300,300,300,300,300,300,300,300,300,300,300,300,300,300,300,300,300,300,300,300,300,300,300,300,300,300,300,300,300,300,300,300,300,300,300,300,300,300,300
1.74,-92.4436,-55.2116,-50,-50,-50,-50,-50,-50,-50,-45.0983,-38.8299,-32.7845,-26.9505,-21.317,-15.8738,-10.6114,-5.52109,-0.594451,0,0,0,1.58864,6.55034,11.6784,16.9815,22.4685,28.1492,34.0341,40.1344,46.462,50,50,50,50,50,50,50,64.1312,100.726,134.337,165.316,193.96,220.523,245.224,268.251,289.771,300,300,300,300,300,300,300,300,300,300,300,300,300,300,300,300,300,300,300,300,300,300,300,300,300,300,300,300,300,300,300,300,300,300,300,300,300,300,300,300,300,300,300,300,300,300,300,300,300,300,300,300,300,300
1.8,-52.2515,-50,-50,-50,-50,-50,-50,-50,-44.6208,-38.3702,-32.3417,-26.5236,-20.9053,-15.4764,-10.2277,-5.15036,-0.236038,0,0,0,1.94846,6.92166,12.0619,17.3776,22.878,28.5728,34.4726,40.5885,46.9328,50,50,50,50,50,50,50,66.8896,103.253,136.662,167.461,195.945,222.365,246.939,269.852,291.267,300,300,300,300,300,300,300,300,300,300,300,300,300,300,300,300,300,300,300,300,300,300,300,300,300,300,300,300,300,300,300,300,300,300,300,300,300,300,300,300,300,300,300,300,300,300,300,300,300,300,300,300,300,300,300
1.86,-50,-50,-50,-50,-50,-50,-50,-44.1439,-37.911,-31.8994,-26.0973,-20.494,-15.0795,-9.8444,-4.77996,0,0,0,0,2.30966,7.29441,12.4467,17.7752,23.2891,28.9981,34.9128,41.0445,47.4054,50,50,50,50,50,50,50,69.6329,105.768,138.974,169.595,197.921,224.2,248.646,271.445,292.758,300,300,300,300,300,300,300,300,300,300,300,300,300,300,300,300,300,300,300,300,300,300,300,300,300,300,300,300,300,300,300,300,300,300,300,300,300,300,300,300,300,300,300,300,300,300,300,300,300,300,300,300,300,300,300,300
1.92,-50,-50,-50,-50,-50,-50,-43.6675,-37.4524,-31.4575,-25.6713,-20.0831,-14.6829,-9.46142,-4.40988,0,0,0,0,2.67228,7.66862,12.8331,18.1744,23.7018,29.425,35.3547,41.5023,47.8799,50,50,50,50,50,50,50,72.3616,108.269,141.276,171.719,199.888,226.026,250.346,273.032,294.242,300,300,300,300,300,300,300,300,300,300,300,300,300,300,300,300,300,300,300,300,300,300,300,300,300,300,300,300,300,300,300,300,300,300,300,300,300,300,300,300,300,300,300,300,300,300,300,300,300,300,300,300,300,300,300,300,300
1.98,-50,-50,-50,-50,-49.6205,-43.1916,-36.9942,-31.0161,-25.2458,-19.6726,-14.2867,-9.07876,-4.04011,0,0,0,0,3.0363,8.0443,13.2211,18.5752,24.1161,29.8536,35.7984,41.9619,48.3563,50,50,50,50,50,50,50,75.0755,110.757,143.566,173.834,201.845,227.844,252.039,274.612,295.72,300,300,300,300,300,300,300,300,300,300,300,300,300,300,300,300,300,300,300,300,300,300,300,300,300,300,300,300,300,300,300,300,300,300,300,300,300,300,300,300,300,300,300,300,300,300,300,300,300,300,300,300,300,300,300,300,300,300
2.04,-50,-50,-50,-49.1265,-42.7163,-36.5366,-30.5751,-24.8206,-19.2625,-13.8908,-8.69642,-3.67067,0,0,0,0,3.40174,8.42146,13.6105,18.9776,24.5321,30.284,36.2439,42.4233,48.8347,50,50,50,50,50,50,50,77.7752,113.233,145.844,175.938,203.795,229.654,253.725,276.186,297.193,300,300,300,300,300,300,300,300,300,300,300,300,300,300,300,300,300,300,300,300,300,300,300,300,300,300,300,300,300,300,300,300,300,300,300,300,300,300,300,300,300,300,300,300,300,300,300,300,300,300,300,300,300,300,300,300,300,300,300
2.1,-50,-50,-48.6331,-42.2415,-36.0794,-30.1347,-24.3959,-18.8528,-13.4954,-8.31445,-3.3015,0,0,0,0,3.76864,8.80009,14.0015,19.3816,24.9498,30.7161,36.6912,42.8867,49.315,50,50,50,50,50,50,50,80.4607,115.697,148.112,178.033,205.735,231.457,255.404,277.753,298.66,300,300,300,300,300,300,300,300,300,300,300,300,300,300,300,300,300,300,300,300,300,300,300,300,300,300,300,300,300,300,300,300,300,300,300,300,300,300,300,300,300,300,300,300,300,300,300,300,300,300,300,300,300,300,300,300,300,300,300,300
2.16,-50,-48.1403,-41.7673,-35.6227,-29.6946,-23.9717,-18.4434,-13.1002,-7.93279,-2.93267,0,0,0,0,4.13699,9.18026,14.3941,19.7873,25.3692,31.1499,37.1404,43.352,49.7973,50,50,50,50,50,50,50,83.1323,118.148,150.37,180.118,207.667,233.252,257.076,279.315,300,300,300,300,300,300,300,300,300,300,300,300,300,300,300,300,300,300,300,300,300,300,300,300,300,300,300,300,300,300,300,300,300,300,300,300,300,300,300,300,300,300,300,300,300,300,300,300,300,300,300,300,300,300,300,300,300,300,300,300,300,300
2.22,-47.648,-41.2936,-35.1665,-29.255,-23.5478,-18.0345,-12.7054,-7.55146,-2.56413,0,0,0,0,4.50682,9.56194,14.7882,20.1945,25.7903,31.5856,37.5913,43.8192,50,50,50,50,50,50,50,50,85.7902,120.588,152.616,182.194,209.591,235.04,258.742,280.87,300,300,300,300,300,300,300,300,300,300,300,300,300,300,300,300,300,300,300,300,300,300,300,300,300,300,300,300,300,300,300,300,300,300,300,300,300,300,300,300,300,300,300,300,300,300,300,300,300,300,300,300,300,300,300,300,300,300,300,300,300,300,300
2.28,-40.8204,-34.7109,-28.8159,-23.1244,-17.6259,-12.311,-7.17047,-2.1959,0,0,0,0,4.87815,9.94518,15.184,20.6035,26.2131,32.023,38.0442,44.2883,50,50,50,50,50,50,50,50.7399,88.4346,123.015,154.853,184.26,211.506,236.82,260.401,282.419,300,300,300,300,300,300,300,300,300,300,300,300,300,300,300,300,300,300,300,300,300,300,300,300,300,300,300,300,300,300,300,300,300,300,300,300,300,300,300,300,300,300,300,300,300,300,300,300,300,300,300,300,300,300,300,300,300,300,300,300,300,300,300,300
2.34,-34.2557,-28.3772,-22.7013,-17.2178,-11.9169,-6.7898,-1.82798,0,0,0,0.335986,5.25097,10.33,15.5814,21.0141,26.6377,32.4623,38.499,44.7595,50,50,50,50,50,50,50,53.6161,91.0658,125.431,157.079,186.318,213.414,238.593,262.053,283.963,300,300,300,300,300,300,300,300,300,300,300,300,300,300,300,300,300,300,300,300,300,300,300,300,300,300,300,300,300,300,300,300,300,300,300,300,300,300,300,300,300,300,300,300,300,300,300,300,300,300,300,300,300,300,300,300,300,300,300,300,300,300,300,300,300
2.4,-27.939,-22.2787,-16.81,-11.5232,-6.40943,-1.46032,0,0,0,0.698847,5.62528,10.7164,15.9804,21.4264,27.064,32.9034,38.9557,45.2327,50,50,50,50,50,50,50,56.4771,93.6839,127.836,159.295,188.366,215.313,240.359,263.699,285.501,300,300,300,300,300,300,300,300,300,300,300,300,300,300,300,300,300,300,300,300,300,300,300,300,300,300,300,300,300,300,300,300,300,300,300,300,300,300,300,300,300,300,300,300,300,300,300,300,300,300,300,300,300,300,300,300,300,300,300,300,300,300,300,300,300,300
2.46,-21.8566,-16.4026,-11.1298,-6.02941,-1.09301,0,0,0,1.06314,6.00113,11.1043,16.3811,21.8405,27.4921,33.3464,39.4143,45.7078,50,50,50,50,50,50,50,59.3234,96.289,130.229,161.501,190.406,217.205,242.118,265.339,287.033,300,300,300,300,300,300,300,300,300,300,300,300,300,300,300,300,300,300,300,300,300,300,300,300,300,300,300,300,300,300,300,300,300,300,300,300,300,300,300,300,300,300,300,300,300,300,300,300,300,300,300,300,300,300,300,300,300,300,300,300,300,300,300,300,300,300,300
2.52,-15.9956,-10.7368,-5.64972,-0.725971,0,0,0,1.42894,6.3785,11.4938,16.7834,22.2562,27.9221,33.7912,39.8749,46.1851,50,50,50,50,50,50,50,62.1549,98.8812,132.611,163.697,192.437,219.089,243.87,266.972,288.56,300,300,300,300,300,300,300,300,300,300,300,300,300,300,300,300,300,300,300,300,300,300,300,300,300,300,300,300,300,300,300,300,300,300,300,300,300,300,300,300,300,300,300,300,300,300,300,300,300,300,300,300,300,300,300,300,300,300,300,300,300,300,300,300,300,300,300,300
2.58,-10.3442,-5.27035,-0.359255,0,0,0,1.79623,6.75742,11.885,17.1874,22.6737,28.3538,34.238,40.3375,46.6643,50,50,50,50,50,50,50,64.9719,101.461,134.982,165.883,194.46,220.965,245.615,268.6,290.081,300,300,300,300,300,300,300,300,300,300,300,300,300,300,300,300,300,300,300,300,300,300,300,300,300,300,300,300,300,300,300,300,300,300,300,300,300,300,300,300,300,300,300,300,300,300,300,300,300,300,300,300,300,300,300,300,300,300,300,300,300,300,300,300,300,300,300,300,300
2.64,-4.89132,0,0,0,0,2.16497,7.13786,12.2777,17.593,23.093,28.7874,34.6866,40.8021,47.1457,50,50,50,50,50,50,50,67.7745,104.028,137.342,168.06,196.474,222.834,247.354,270.221,291.596,300,300,300,300,300,300,300,300,300,300,300,300,300,300,300,300,300,300,300,300,300,300,300,300,300,300,300,300,300,300,300,300,300,300,300,300,300,300,300,300,300,300,300,300,300,300,300,300,300,300,300,300,300,300,300,300,300,300,300,300,300,300,300,300,300,300,300,300,300,300
2.7,0,0,0,0,2.53524,7.51991,12.6721,18.0004,23.514,29.2228,35.1372,41.2686,47.6292,50,50,50,50,50,50,50,70.563,106.583,139.692,170.228,198.48,224.695,249.086,271.837,293.107,300,300,300,300,300,300,300,300,300,300,300,300,300,300,300,300,300,300,300,300,300,300,300,300,300,300,300,300,300,300,300,300,300,300,300,300,300,300,300,300,300,300,300,300,300,300,300,300,300,300,300,300,300,300,300,300,300,300,300,300,300,300,300,300,300,300,300,300,300,300,300
2.76,0,0,0,2.907,7.90347,13.0681,18.4095,23.9368,29.66,35.5897,41.7372,48.1148,50,50,50,50,50,50,50,73.3376,109.126,142.03,172.386,200.477,226.549,250.811,273.446,294.612,300,300,300,300,300,300,300,300,300,300,300,300,300,300,300,300,300,300,300,300,300,300,300,300,300,300,300,300,300,300,300,300,300,300,300,300,300,300,300,300,300,300,300,300,300,300,300,300,300,300,300,300,300,300,300,300,300,300,300,300,300,300,300,300,300,300,300,300,300,300,300,300
2.82,0,0,3.28028,8.28864,13.4657,18.8202,24.3614,30.0992,36.0442,42.2078,48.6025,50,50,50,50,50,50,50,76.0982,111.657,144.359,174.535,202.467,228.396,252.53,275.05,296.112,300,300,300,300,300,300,300,300,300,300,300,300,300,300,300,300,300,300,300,300,300,300,300,300,300,300,300,300,300,300,300,300,300,300,300,300,300,300,300,300,300,300,300,300,300,300,300,300,300,300,300,300,300,300,300,300,300,300,300,300,300,300,300,300,300,300,300,300,300,300,300,300,300
2.88,0,3.65509,8.67539,13.865,19.2327,24.7878,30.5401,36.5006,42.6805,49.0923,50,50,50,50,50,50,50,78.845,114.175,146.676,176.674,204.448,230.236,254.243,276.648,297.607,300,300,300,300,300,300,300,300,300,300,300,300,300,300,300,300,300,300,300,300,300,300,300,300,300,300,300,300,300,300,300,300,300,300,300,300,300,300,300,300,300,300,300,300,300,300,300,300,300,300,300,300,300,300,300,300,300,300,300,300,300,300,300,300,300,300,300,300,300,300,300,300,300,300
2.94,4.03141,9.06373,14.266,19.6469,25.2159,30.983,36.9589,43.1552,49.5843,50,50,50,50,50,50,50,81.5784,116.682,148.984,178.805,206.421,232.068,255.95,278.241,299.096,300,300,300,300,300,300,300,300,300,300,300,300,300,300,300,300,300,300,300,300,300,300,300,300,300,300,300,300,300,300,300,300,300,300,300,300,300,300,300,300,300,300,300,300,300,300,300,300,300,300,300,300,300,300,300,300,300,300,300,300,300,300,300,300,300,300,300,300,300,300,300,300,300,300,300
